<?xml version="1.0" encoding="ISO-8859-15"?>
<uc-export clientvers="11.2.3+build.465">
<EVNT_TIME name="EVNT.TIME.CLTDOWN">
<XHEADER state="1">
<Title/>
<ArchiveKey1/>
<ArchiveKey2/>
<Active>1</Active>
<OH_SubType>TT</OH_SubType>
<CustomAttributes KeyListID="0" dataRequestID="0"/>
</XHEADER>
<SYNCREF state="1">
<Syncs/>
</SYNCREF>
<CALEREF state="1">
<Cond/>
</CALEREF>
<ATTR_EVNT state="1">
<Queue>CLIENT_QUEUE</Queue>
<StartType/>
<ExtRepDef>1</ExtRepDef>
<ExtRepAll>0</ExtRepAll>
<ExtRepNone>0</ExtRepNone>
<IntAccount/>
<ActAtRun>0</ActAtRun>
<UC4Priority>0</UC4Priority>
<MaxParallel2>0</MaxParallel2>
<MpElse1>1</MpElse1>
<MpElse2>0</MpElse2>
<TZ/>
<AutoDeactNo>0</AutoDeactNo>
<AutoDeact1ErrorFree>0</AutoDeact1ErrorFree>
<AutoDeactErrorFree>0</AutoDeactErrorFree>
<DeactWhen/>
<AutoDeactAlways>1</AutoDeactAlways>
<DeactDelay>0</DeactDelay>
</ATTR_EVNT>
<EVNT state="1">
<RepeatTypeR>1</RepeatTypeR>
<RepeatTypeS>0</RepeatTypeS>
<RepeatTypeF>0</RepeatTypeF>
<EventTypeTT>1</EventTypeTT>
<EventTypeTS>0</EventTypeTS>
<EventTypeAuto>0</EventTypeAuto>
<TimePeriodTT>0015</TimePeriodTT>
<TimePeriodTS>00:00</TimePeriodTS>
<TExecTypeT>1</TExecTypeT>
<TExecTypeS>0</TExecTypeS>
<TExecTypeN>1</TExecTypeN>
<TExecTypeE>0</TExecTypeE>
</EVNT>
<RUNTIME state="1">
<MaxRetCode>0</MaxRetCode>
<MrcExecute/>
<MrcElseE>0</MrcElseE>
<FcstStatus>0| |</FcstStatus>
<Ert>0</Ert>
<ErtMethodDef>1</ErtMethodDef>
<ErtMethodFix>0</ErtMethodFix>
<ErtFix>0</ErtFix>
<ErtDynMethod>2|Average</ErtDynMethod>
<ErtMethodDyn>0</ErtMethodDyn>
<ErtCnt>0</ErtCnt>
<ErtCorr>0</ErtCorr>
<ErtIgn>0</ErtIgn>
<ErtIgnFlg>0</ErtIgnFlg>
<ErtMinCnt>0</ErtMinCnt>
<MrtMethodNone>1</MrtMethodNone>
<MrtMethodFix>0</MrtMethodFix>
<MrtFix>0</MrtFix>
<MrtMethodErt>0</MrtMethodErt>
<MrtErt>0</MrtErt>
<MrtMethodDate>0</MrtMethodDate>
<MrtDays>0</MrtDays>
<MrtTime>00:00</MrtTime>
<MrtTZ/>
<SrtMethodNone>1</SrtMethodNone>
<SrtMethodFix>0</SrtMethodFix>
<SrtFix>0</SrtFix>
<SrtMethodErt>0</SrtMethodErt>
<SrtErt>0</SrtErt>
<MrtCancel>0</MrtCancel>
<MrtExecute>0</MrtExecute>
<MrtExecuteObj/>
</RUNTIME>
<DYNVALUES state="1">
<dyntree>
<node content="1" id="VALUE" name="Variables" parent="" type="VALUE">
<VALUE state="1">
<Values/>
<Mode>0</Mode>
</VALUE>
</node>
</dyntree>
</DYNVALUES>
<ROLLBACK state="1">
<RollbackFlag>0</RollbackFlag>
<CBackupObj/>
<CRollbackObj/>
<FBackupPath/>
<FDeleteBefore>0</FDeleteBefore>
<FInclSubDirs>0</FInclSubDirs>
</ROLLBACK>
<PRE_SCRIPT mode="1" replacementmode="1" state="1">
<PSCRI/>
</PRE_SCRIPT>
<SCRIPT mode="1" state="1">
<MSCRI><![CDATA[:SET &OUT# = ACTIVATE_UC_OBJECT(SCRI.CLTSYSSTOP)]]></MSCRI>
</SCRIPT>
<DOCU_Docu state="1" type="text">
<DOC/>
</DOCU_Docu>
</EVNT_TIME>
</uc-export>
