<?xml version="1.0" encoding="ISO-8859-15"?>
<uc-export clientvers="11.2.3+build.465">
<SCRI name="SCRI.CLTSYSSTOP">
<XHEADER state="1">
<Title/>
<ArchiveKey1/>
<ArchiveKey2/>
<Active>1</Active>
<OH_SubType/>
<CustomAttributes KeyListID="0" dataRequestID="0"/>
</XHEADER>
<SYNCREF state="1">
<Syncs/>
</SYNCREF>
<ATTR_SCRI state="1">
<Queue>QUEUE.SAA</Queue>
<StartType/>
<ExtRepDef>1</ExtRepDef>
<ExtRepAll>0</ExtRepAll>
<ExtRepNone>0</ExtRepNone>
<IntAccount/>
<ActAtRun>0</ActAtRun>
<UC4Priority>0</UC4Priority>
<MaxParallel2>0</MaxParallel2>
<MpElse1>1</MpElse1>
<MpElse2>0</MpElse2>
<TZ/>
<AutoDeactNo>0</AutoDeactNo>
<AutoDeact1ErrorFree>0</AutoDeact1ErrorFree>
<AutoDeactErrorFree>0</AutoDeactErrorFree>
<DeactWhen/>
<AutoDeactAlways>1</AutoDeactAlways>
<DeactDelay>0</DeactDelay>
</ATTR_SCRI>
<RUNTIME state="1">
<MaxRetCode>0</MaxRetCode>
<MrcExecute/>
<MrcElseE>0</MrcElseE>
<FcstStatus>0| |</FcstStatus>
<Ert>1</Ert>
<ErtMethodDef>1</ErtMethodDef>
<ErtMethodFix>0</ErtMethodFix>
<ErtFix>0</ErtFix>
<ErtDynMethod>2|Average</ErtDynMethod>
<ErtMethodDyn>0</ErtMethodDyn>
<ErtCnt>0</ErtCnt>
<ErtCorr>0</ErtCorr>
<ErtIgn>0</ErtIgn>
<ErtIgnFlg>0</ErtIgnFlg>
<ErtMinCnt>0</ErtMinCnt>
<MrtMethodNone>1</MrtMethodNone>
<MrtMethodFix>0</MrtMethodFix>
<MrtFix>0</MrtFix>
<MrtMethodErt>0</MrtMethodErt>
<MrtErt>0</MrtErt>
<MrtMethodDate>0</MrtMethodDate>
<MrtDays>0</MrtDays>
<MrtTime>00:00</MrtTime>
<MrtTZ/>
<SrtMethodNone>1</SrtMethodNone>
<SrtMethodFix>0</SrtMethodFix>
<SrtFix>0</SrtFix>
<SrtMethodErt>0</SrtMethodErt>
<SrtErt>0</SrtErt>
<MrtCancel>0</MrtCancel>
<MrtExecute>0</MrtExecute>
<MrtExecuteObj/>
</RUNTIME>
<DYNVALUES state="1">
<dyntree>
<node content="1" id="VALUE" name="Variables" parent="" type="VALUE">
<VALUE state="1">
<Values/>
<Mode>0</Mode>
</VALUE>
</node>
</dyntree>
</DYNVALUES>
<ROLLBACK state="1">
<RollbackFlag>0</RollbackFlag>
<CBackupObj/>
<CRollbackObj/>
<FBackupPath/>
<FDeleteBefore>0</FDeleteBefore>
<FInclSubDirs>0</FInclSubDirs>
</ROLLBACK>
<SCRIPT mode="1" state="1">
<MSCRI><![CDATA[! DEFINE CRLF

:SET &HND#=PREP_PROCESS_VAR(VARA.SQLI.ACTIFCLT)
:PROCESS &HND#
! get first column value of every line
:  SET &CLIENT# = GET_PROCESS_LINE(&HND#, 2)
! get second column value of every line
:  SET &ACTORNOT# = GET_PROCESS_LINE(&HND#, 4)
:  SET &STRING# = SUBSTR(&ACTORNOT#,1,4)
:  IF &STRING# = "STOP"
:    DELETE_VAR "VARA.STATIC.CLTDOWN"
:      PUT_VAR VARA.STATIC.CLTDOWN,&CLIENT#,&STRING#
:      PRINT &CLIENT# &STRING#
:  ENDIF

:ENDPROCESS
:CLOSE_PROCESS &HND#
:SET &ACT# = ACTIVATE_UC_OBJECT(CALL.MAIL.CLTDOWN)

!:SET &OUT# = SEND_MAIL('kaz@automic.com',,'Client Notification',"&NL#We want to inform you of this client status: &HND1#  ")
]]></MSCRI>
</SCRIPT>
<DOCU_Docu state="1" type="text">
<DOC/>
</DOCU_Docu>
</SCRI>
</uc-export>
