<?xml version="1.0" encoding="ISO-8859-15"?>
<uc-export clientvers="11.2.3+build.465">
<VARA OVD_VRName="FREI" data_type="SQLI" name="VARA.SQLI.ACTIFCLT" replacementmode="2">
<HEADER state="1">
<Title/>
<ArchiveKey1/>
<ArchiveKey2/>
<OH_SubType>SQLI</OH_SubType>
</HEADER>
<ATTR_VARA state="1">
<Type>C|Text</Type>
<lblSource>SQL - internal</lblSource>
<source>SQLI</source>
<VRName>FREI|Freely selected</VRName>
<NotFoundErr>0</NotFoundErr>
<NotFoundDef>1</NotFoundDef>
<ShareN>0</ShareN>
<ShareL>0</ShareL>
<ShareR>0</ShareR>
<MaxValue_C>1024</MaxValue_C>
<CheckMax_C>0</CheckMax_C>
<uppercase>0</uppercase>
<sortColumn>0</sortColumn>
<sortDirection>0</sortDirection>
</ATTR_VARA>
<VARA state="1">
<SQLI internal="YES">
<command.sql>select ovw_oh_client as 'Client', OVW_VValue, ovw_value1 from OVW
where
OVW_VValue = 'CLIENT_STATUS' 
and ovw_oh_idnr in (select oh_idnr from oh where oh_name = 'UC_CLIENT_SETTINGS') order by 1;</command.sql>
<command.ora/>
<command.db2/>
<BindParams>
<row Lnr="OVB_Lnr" Value="OVB_Value" id="OVB_OH_Idnr"/>
</BindParams>
<resultformat/>
<infobar/>
</SQLI>
</VARA>
<DOCU_Docu state="1" type="text">
<DOC/>
</DOCU_Docu>
</VARA>
</uc-export>
